TX0001,WITHDRAWAL,131.59
TX0002,WITHDRAWAL,568.40
TX0003,DEPOSIT,656.04
TX0004,WITHDRAWAL,269.20
TX0005,DEPOSIT,239.21
TX0006,DEPOSIT,637.09
TX0007,WITHDRAWAL,788.36
TX0008,WITHDRAWAL,761.58
TX0009,DEPOSIT,614.01
TX0010,WITHDRAWAL,24.14
TX0011,WITHDRAWAL,212.38
TX0012,WITHDRAWAL,236.09
TX0013,WITHDRAWAL,815.72
TX0014,WITHDRAWAL,926.19
TX0015,DEPOSIT,681.99
TX0016,DEPOSIT,873.44
TX0017,WITHDRAWAL,999.07
TX0018,DEPOSIT,272.95
TX0019,WITHDRAWAL,460.31
TX0020,WITHDRAWAL,586.13
TX0021,DEPOSIT,561.51
TX0022,DEPOSIT,489.11
TX0023,DEPOSIT,681.10
TX0024,DEPOSIT,899.89
TX0025,WITHDRAWAL,915.13
TX0026,DEPOSIT,443.75
TX0027,WITHDRAWAL,273.50
TX0028,DEPOSIT,724.50
TX0029,DEPOSIT,500.28
TX0030,WITHDRAWAL,960.77
TX0031,DEPOSIT,464.35
TX0032,DEPOSIT,648.79
TX0033,WITHDRAWAL,49.19
TX0034,DEPOSIT,429.81
TX0035,WITHDRAWAL,943.86
TX0036,WITHDRAWAL,718.08
TX0037,DEPOSIT,266.12
TX0038,DEPOSIT,972.05
TX0039,DEPOSIT,460.44
TX0040,WITHDRAWAL,571.00
TX0041,WITHDRAWAL,384.23
TX0042,WITHDRAWAL,400.75
TX0043,WITHDRAWAL,964.14
TX0044,DEPOSIT,118.98
TX0045,DEPOSIT,289.32
TX0046,DEPOSIT,214.69
TX0047,DEPOSIT,588.71
TX0048,DEPOSIT,923.43
TX0049,DEPOSIT,309.41
TX0050,WITHDRAWAL,824.73
TX0051,DEPOSIT,210.91
TX0052,WITHDRAWAL,196.26
TX0053,DEPOSIT,644.08
TX0054,WITHDRAWAL,709.43
TX0055,WITHDRAWAL,693.28
TX0056,DEPOSIT,8.53
TX0057,DEPOSIT,154.93
TX0058,DEPOSIT,779.38
TX0059,DEPOSIT,421.83
TX0060,DEPOSIT,97.61
TX0061,WITHDRAWAL,917.27
TX0062,DEPOSIT,203.66
TX0063,DEPOSIT,104.09
TX0064,DEPOSIT,718.50
TX0065,DEPOSIT,250.67
TX0066,DEPOSIT,670.30
TX0067,DEPOSIT,492.32
TX0068,WITHDRAWAL,246.00
TX0069,WITHDRAWAL,800.30
TX0070,DEPOSIT,596.82
TX0071,DEPOSIT,272.63
TX0072,WITHDRAWAL,335.18
TX0073,DEPOSIT,733.25
TX0074,WITHDRAWAL,547.19
TX0075,WITHDRAWAL,758.12
TX0076,WITHDRAWAL,360.39
TX0077,DEPOSIT,57.32
TX0078,WITHDRAWAL,527.06
TX0079,DEPOSIT,568.37
TX0080,WITHDRAWAL,655.69
TX0081,WITHDRAWAL,73.41
TX0082,WITHDRAWAL,752.08
TX0083,DEPOSIT,8.41
TX0084,WITHDRAWAL,943.05
TX0085,WITHDRAWAL,355.60
TX0086,DEPOSIT,250.38
TX0087,DEPOSIT,984.42
TX0088,WITHDRAWAL,655.94
TX0089,DEPOSIT,43.85
TX0090,DEPOSIT,711.11
TX0091,DEPOSIT,114.74
TX0092,DEPOSIT,835.33
TX0093,WITHDRAWAL,317.94
TX0094,WITHDRAWAL,158.63
TX0095,WITHDRAWAL,946.71
TX0096,DEPOSIT,85.93
TX0097,WITHDRAWAL,777.50
TX0098,DEPOSIT,435.42
TX0099,DEPOSIT,451.12
TX0100,DEPOSIT,445.72
TX0101,DEPOSIT,176.77
TX0102,DEPOSIT,329.50
TX0103,DEPOSIT,559.78
TX0104,DEPOSIT,874.99
TX0105,WITHDRAWAL,27.46
TX0106,WITHDRAWAL,222.43
TX0107,DEPOSIT,784.96
TX0108,DEPOSIT,562.61
TX0109,DEPOSIT,169.13
TX0110,WITHDRAWAL,861.77
TX0111,WITHDRAWAL,489.75
TX0112,WITHDRAWAL,989.89
TX0113,DEPOSIT,501.54
TX0114,WITHDRAWAL,114.10
TX0115,DEPOSIT,277.27
TX0116,DEPOSIT,952.30
TX0117,WITHDRAWAL,71.27
TX0118,DEPOSIT,936.83
TX0119,DEPOSIT,17.88
TX0120,DEPOSIT,997.65
TX0121,DEPOSIT,340.79
TX0122,WITHDRAWAL,968.97
TX0123,DEPOSIT,792.64
TX0124,WITHDRAWAL,550.10
TX0125,WITHDRAWAL,396.28
TX0126,WITHDRAWAL,449.30
TX0127,DEPOSIT,874.76
TX0128,WITHDRAWAL,550.85
TX0129,DEPOSIT,693.78
TX0130,WITHDRAWAL,744.33
TX0131,WITHDRAWAL,526.36
TX0132,WITHDRAWAL,645.54
TX0133,WITHDRAWAL,681.22
TX0134,WITHDRAWAL,960.72
TX0135,WITHDRAWAL,859.32
TX0136,DEPOSIT,566.19
TX0137,WITHDRAWAL,334.12
TX0138,DEPOSIT,746.71
TX0139,WITHDRAWAL,8.04
TX0140,DEPOSIT,936.98
TX0141,DEPOSIT,480.62
TX0142,DEPOSIT,243.40
TX0143,DEPOSIT,336.08
TX0144,DEPOSIT,163.94
TX0145,DEPOSIT,474.27
TX0146,WITHDRAWAL,981.23
TX0147,WITHDRAWAL,308.47
TX0148,WITHDRAWAL,863.72
TX0149,WITHDRAWAL,239.26
TX0150,DEPOSIT,787.18
TX0151,DEPOSIT,912.60
TX0152,WITHDRAWAL,814.15
TX0153,WITHDRAWAL,137.34
TX0154,WITHDRAWAL,648.63
TX0155,WITHDRAWAL,356.44
TX0156,WITHDRAWAL,66.63
TX0157,WITHDRAWAL,848.77
TX0158,WITHDRAWAL,969.43
TX0159,DEPOSIT,873.23
TX0160,DEPOSIT,439.48
TX0161,DEPOSIT,397.24
TX0162,WITHDRAWAL,560.04
TX0163,WITHDRAWAL,399.67
TX0164,DEPOSIT,217.54
TX0165,DEPOSIT,248.03
TX0166,DEPOSIT,671.34
TX0167,WITHDRAWAL,110.44
TX0168,WITHDRAWAL,637.19
TX0169,WITHDRAWAL,822.90
TX0170,WITHDRAWAL,900.50
TX0171,WITHDRAWAL,296.81
TX0172,DEPOSIT,7.47
TX0173,DEPOSIT,259.28
TX0174,WITHDRAWAL,915.09
TX0175,WITHDRAWAL,683.77
TX0176,WITHDRAWAL,794.24
TX0177,WITHDRAWAL,934.39
TX0178,DEPOSIT,440.61
TX0179,DEPOSIT,42.08
TX0180,WITHDRAWAL,622.16
TX0181,WITHDRAWAL,843.58
TX0182,DEPOSIT,523.62
TX0183,WITHDRAWAL,232.20
TX0184,DEPOSIT,362.37
TX0185,DEPOSIT,863.09
TX0186,WITHDRAWAL,568.20
TX0187,WITHDRAWAL,222.43
TX0188,DEPOSIT,375.18
TX0189,DEPOSIT,997.75
TX0190,DEPOSIT,426.99
TX0191,DEPOSIT,506.95
TX0192,WITHDRAWAL,417.14
TX0193,DEPOSIT,259.40
TX0194,DEPOSIT,445.10
TX0195,WITHDRAWAL,991.54
TX0196,WITHDRAWAL,776.76
TX0197,WITHDRAWAL,812.94
TX0198,WITHDRAWAL,781.22
TX0199,DEPOSIT,624.68
TX0200,DEPOSIT,586.40
TX0201,WITHDRAWAL,864.80
TX0202,DEPOSIT,31.81
TX0203,DEPOSIT,15.27
TX0204,WITHDRAWAL,498.00
TX0205,DEPOSIT,611.67
TX0206,DEPOSIT,868.22
TX0207,DEPOSIT,41.82
TX0208,DEPOSIT,200.94
TX0209,DEPOSIT,683.77
TX0210,WITHDRAWAL,250.99
TX0211,WITHDRAWAL,299.27
TX0212,DEPOSIT,361.84
TX0213,WITHDRAWAL,438.02
TX0214,WITHDRAWAL,153.17
TX0215,WITHDRAWAL,287.83
TX0216,DEPOSIT,777.65
TX0217,WITHDRAWAL,808.46
TX0218,DEPOSIT,83.17
TX0219,DEPOSIT,57.26
TX0220,WITHDRAWAL,75.81
TX0221,WITHDRAWAL,53.45
TX0222,WITHDRAWAL,686.31
TX0223,DEPOSIT,69.86
TX0224,DEPOSIT,285.45
TX0225,WITHDRAWAL,451.74
TX0226,DEPOSIT,477.98
TX0227,WITHDRAWAL,449.40
TX0228,WITHDRAWAL,120.67
TX0229,WITHDRAWAL,552.81
TX0230,DEPOSIT,759.56
TX0231,WITHDRAWAL,420.77
TX0232,WITHDRAWAL,786.09
TX0233,WITHDRAWAL,213.66
TX0234,DEPOSIT,704.60
TX0235,WITHDRAWAL,645.67
TX0236,WITHDRAWAL,38.08
TX0237,DEPOSIT,430.73
TX0238,DEPOSIT,43.50
TX0239,DEPOSIT,237.97
TX0240,DEPOSIT,596.86
TX0241,DEPOSIT,726.81
TX0242,DEPOSIT,201.77
TX0243,DEPOSIT,257.40
TX0244,WITHDRAWAL,1.11
TX0245,DEPOSIT,723.14
TX0246,WITHDRAWAL,972.92
TX0247,WITHDRAWAL,35.39
TX0248,WITHDRAWAL,214.89
TX0249,DEPOSIT,456.47
TX0250,WITHDRAWAL,957.98
TX0251,WITHDRAWAL,136.26
TX0252,WITHDRAWAL,937.04
TX0253,DEPOSIT,652.00
TX0254,DEPOSIT,272.27
TX0255,WITHDRAWAL,855.62
TX0256,WITHDRAWAL,732.25
TX0257,WITHDRAWAL,481.75
TX0258,DEPOSIT,89.73
TX0259,DEPOSIT,641.35
TX0260,DEPOSIT,133.83
TX0261,DEPOSIT,172.18
TX0262,WITHDRAWAL,753.48
TX0263,DEPOSIT,14.73
TX0264,DEPOSIT,459.87
TX0265,DEPOSIT,540.52
TX0266,DEPOSIT,955.43
TX0267,WITHDRAWAL,311.33
TX0268,WITHDRAWAL,58.06
TX0269,WITHDRAWAL,222.37
TX0270,DEPOSIT,610.61
TX0271,WITHDRAWAL,444.15
TX0272,DEPOSIT,826.80
TX0273,WITHDRAWAL,350.03
TX0274,WITHDRAWAL,304.14
TX0275,WITHDRAWAL,792.77
TX0276,WITHDRAWAL,146.74
TX0277,WITHDRAWAL,431.78
TX0278,DEPOSIT,283.80
TX0279,WITHDRAWAL,211.10
TX0280,WITHDRAWAL,201.78
TX0281,DEPOSIT,620.99
TX0282,WITHDRAWAL,18.41
TX0283,WITHDRAWAL,503.13
TX0284,WITHDRAWAL,12.17
TX0285,DEPOSIT,166.13
TX0286,WITHDRAWAL,749.10
TX0287,DEPOSIT,661.55
TX0288,DEPOSIT,748.20
TX0289,DEPOSIT,452.14
TX0290,WITHDRAWAL,724.13
TX0291,DEPOSIT,913.92
TX0292,DEPOSIT,86.76
TX0293,DEPOSIT,360.62
TX0294,WITHDRAWAL,896.41
TX0295,DEPOSIT,458.46
TX0296,WITHDRAWAL,650.69
TX0297,DEPOSIT,724.46
TX0298,WITHDRAWAL,681.94
TX0299,WITHDRAWAL,885.73
TX0300,WITHDRAWAL,762.21
TX0301,WITHDRAWAL,943.95
TX0302,DEPOSIT,960.61
TX0303,WITHDRAWAL,722.64
TX0304,DEPOSIT,656.33
TX0305,DEPOSIT,27.14
TX0306,DEPOSIT,668.86
TX0307,DEPOSIT,373.49
TX0308,WITHDRAWAL,173.37
TX0309,DEPOSIT,496.13
TX0310,WITHDRAWAL,622.22
TX0311,WITHDRAWAL,813.02
TX0312,WITHDRAWAL,17.78
TX0313,WITHDRAWAL,834.53
TX0314,DEPOSIT,878.79
TX0315,DEPOSIT,753.07
TX0316,DEPOSIT,227.05
TX0317,WITHDRAWAL,126.44
TX0318,DEPOSIT,909.57
TX0319,WITHDRAWAL,284.28
TX0320,WITHDRAWAL,808.92
TX0321,WITHDRAWAL,605.96
TX0322,DEPOSIT,658.71
TX0323,WITHDRAWAL,814.77
TX0324,WITHDRAWAL,224.20
TX0325,DEPOSIT,46.32
TX0326,WITHDRAWAL,206.65
TX0327,WITHDRAWAL,827.58
TX0328,WITHDRAWAL,806.96
TX0329,WITHDRAWAL,118.14
TX0330,WITHDRAWAL,231.67
TX0331,WITHDRAWAL,870.77
TX0332,DEPOSIT,532.11
TX0333,DEPOSIT,225.96
TX0334,DEPOSIT,925.03
TX0335,WITHDRAWAL,340.41
TX0336,WITHDRAWAL,485.15
TX0337,WITHDRAWAL,219.53
TX0338,DEPOSIT,431.14
TX0339,WITHDRAWAL,65.94
TX0340,DEPOSIT,681.85
TX0341,DEPOSIT,496.83
TX0342,WITHDRAWAL,313.93
TX0343,WITHDRAWAL,875.33
TX0344,DEPOSIT,343.71
TX0345,DEPOSIT,263.17
TX0346,WITHDRAWAL,258.37
TX0347,WITHDRAWAL,614.22
TX0348,DEPOSIT,425.11
TX0349,WITHDRAWAL,243.76
TX0350,WITHDRAWAL,548.54
TX0351,WITHDRAWAL,729.62
TX0352,DEPOSIT,11.32
TX0353,DEPOSIT,632.30
TX0354,DEPOSIT,694.63
TX0355,WITHDRAWAL,56.56
TX0356,WITHDRAWAL,774.83
TX0357,DEPOSIT,564.76
TX0358,DEPOSIT,738.53
TX0359,DEPOSIT,645.25
TX0360,DEPOSIT,15.28
TX0361,DEPOSIT,473.70
TX0362,WITHDRAWAL,899.76
TX0363,DEPOSIT,182.74
TX0364,WITHDRAWAL,11.38
TX0365,WITHDRAWAL,39.16
TX0366,WITHDRAWAL,463.77
TX0367,DEPOSIT,369.75
TX0368,WITHDRAWAL,262.56
TX0369,DEPOSIT,948.24
TX0370,DEPOSIT,603.08
TX0371,DEPOSIT,189.01
TX0372,WITHDRAWAL,943.46
TX0373,WITHDRAWAL,0.80
TX0374,WITHDRAWAL,69.34
TX0375,DEPOSIT,378.07
TX0376,WITHDRAWAL,374.27
TX0377,WITHDRAWAL,613.66
TX0378,WITHDRAWAL,382.93
TX0379,DEPOSIT,46.54
TX0380,DEPOSIT,435.72
TX0381,WITHDRAWAL,152.86
TX0382,DEPOSIT,672.11
TX0383,WITHDRAWAL,594.10
TX0384,DEPOSIT,212.70
TX0385,WITHDRAWAL,315.52
TX0386,DEPOSIT,811.80
TX0387,WITHDRAWAL,119.66
TX0388,DEPOSIT,796.47
TX0389,DEPOSIT,652.90
TX0390,WITHDRAWAL,56.37
TX0391,DEPOSIT,772.48
TX0392,DEPOSIT,647.79
TX0393,WITHDRAWAL,208.81
TX0394,WITHDRAWAL,960.36
TX0395,DEPOSIT,321.63
TX0396,WITHDRAWAL,979.00
TX0397,DEPOSIT,453.18
TX0398,DEPOSIT,742.36
TX0399,WITHDRAWAL,839.63
TX0400,DEPOSIT,330.07
TX0401,DEPOSIT,447.79
TX0402,WITHDRAWAL,53.41
TX0403,DEPOSIT,83.13
TX0404,WITHDRAWAL,501.95
TX0405,WITHDRAWAL,769.48
TX0406,DEPOSIT,919.43
TX0407,DEPOSIT,681.58
TX0408,DEPOSIT,37.08
TX0409,DEPOSIT,928.27
TX0410,DEPOSIT,575.77
TX0411,WITHDRAWAL,536.35
TX0412,WITHDRAWAL,602.14
TX0413,WITHDRAWAL,564.49
TX0414,DEPOSIT,354.92
TX0415,DEPOSIT,702.40
TX0416,DEPOSIT,236.29
TX0417,DEPOSIT,638.07
TX0418,WITHDRAWAL,746.23
TX0419,WITHDRAWAL,97.41
TX0420,WITHDRAWAL,566.29
TX0421,DEPOSIT,932.44
TX0422,DEPOSIT,337.61
TX0423,DEPOSIT,181.71
TX0424,DEPOSIT,349.21
TX0425,WITHDRAWAL,343.52
TX0426,DEPOSIT,198.37
TX0427,DEPOSIT,208.45
TX0428,WITHDRAWAL,700.80
TX0429,WITHDRAWAL,44.41
TX0430,DEPOSIT,39.78
TX0431,WITHDRAWAL,630.11
TX0432,DEPOSIT,125.92
TX0433,DEPOSIT,515.38
TX0434,DEPOSIT,764.93
TX0435,WITHDRAWAL,583.12
TX0436,DEPOSIT,269.52
TX0437,DEPOSIT,120.27
TX0438,WITHDRAWAL,205.64
TX0439,WITHDRAWAL,678.57
TX0440,DEPOSIT,124.40
TX0441,WITHDRAWAL,715.84
TX0442,DEPOSIT,708.74
TX0443,DEPOSIT,414.39
TX0444,DEPOSIT,179.81
TX0445,DEPOSIT,823.60
TX0446,DEPOSIT,513.38
TX0447,WITHDRAWAL,804.32
TX0448,WITHDRAWAL,466.28
TX0449,DEPOSIT,600.85
TX0450,WITHDRAWAL,708.26
TX0451,WITHDRAWAL,196.23
TX0452,DEPOSIT,729.79
TX0453,WITHDRAWAL,664.12
TX0454,DEPOSIT,853.74
TX0455,WITHDRAWAL,651.39
TX0456,WITHDRAWAL,902.04
TX0457,DEPOSIT,978.93
TX0458,DEPOSIT,834.51
TX0459,DEPOSIT,537.42
TX0460,DEPOSIT,826.80
TX0461,DEPOSIT,608.90
TX0462,WITHDRAWAL,659.85
TX0463,DEPOSIT,448.24
TX0464,WITHDRAWAL,330.54
TX0465,WITHDRAWAL,25.35
TX0466,DEPOSIT,584.63
TX0467,WITHDRAWAL,901.25
TX0468,DEPOSIT,299.64
TX0469,WITHDRAWAL,693.29
TX0470,WITHDRAWAL,468.91
TX0471,DEPOSIT,395.53
TX0472,DEPOSIT,93.52
TX0473,WITHDRAWAL,584.70
TX0474,WITHDRAWAL,545.11
TX0475,WITHDRAWAL,1.72
TX0476,WITHDRAWAL,433.98
TX0477,WITHDRAWAL,9.84
TX0478,WITHDRAWAL,26.08
TX0479,WITHDRAWAL,623.95
TX0480,DEPOSIT,611.85
TX0481,WITHDRAWAL,778.84
TX0482,WITHDRAWAL,945.51
TX0483,WITHDRAWAL,599.26
TX0484,DEPOSIT,130.23
TX0485,WITHDRAWAL,678.57
TX0486,DEPOSIT,263.36
TX0487,DEPOSIT,189.44
TX0488,DEPOSIT,100.94
TX0489,WITHDRAWAL,3.58
TX0490,DEPOSIT,524.51
TX0491,WITHDRAWAL,127.61
TX0492,WITHDRAWAL,483.33
TX0493,WITHDRAWAL,372.63
TX0494,WITHDRAWAL,349.95
TX0495,DEPOSIT,999.48
TX0496,WITHDRAWAL,708.84
TX0497,WITHDRAWAL,917.87
TX0498,DEPOSIT,207.95
TX0499,DEPOSIT,401.07
TX0500,WITHDRAWAL,570.39
TX0501,DEPOSIT,659.38
TX0502,DEPOSIT,402.94
TX0503,WITHDRAWAL,983.36
TX0504,DEPOSIT,980.51
TX0505,DEPOSIT,782.67
TX0506,DEPOSIT,784.84
TX0507,WITHDRAWAL,950.12
TX0508,WITHDRAWAL,922.83
TX0509,WITHDRAWAL,722.69
TX0510,WITHDRAWAL,262.46
TX0511,DEPOSIT,681.72
TX0512,DEPOSIT,903.71
TX0513,WITHDRAWAL,877.78
TX0514,DEPOSIT,791.24
TX0515,DEPOSIT,976.19
TX0516,WITHDRAWAL,215.65
TX0517,WITHDRAWAL,481.95
TX0518,WITHDRAWAL,145.65
TX0519,WITHDRAWAL,321.41
TX0520,WITHDRAWAL,841.55
TX0521,DEPOSIT,455.62
TX0522,DEPOSIT,4.39
TX0523,WITHDRAWAL,523.29
TX0524,DEPOSIT,987.12
TX0525,WITHDRAWAL,924.73
TX0526,DEPOSIT,881.01
TX0527,WITHDRAWAL,184.27
TX0528,DEPOSIT,808.85
TX0529,DEPOSIT,437.66
TX0530,WITHDRAWAL,426.70
TX0531,DEPOSIT,333.13
TX0532,WITHDRAWAL,580.27
TX0533,DEPOSIT,910.11
TX0534,DEPOSIT,534.88
TX0535,DEPOSIT,587.81
TX0536,WITHDRAWAL,629.96
TX0537,WITHDRAWAL,242.73
TX0538,WITHDRAWAL,558.45
TX0539,DEPOSIT,231.87
TX0540,DEPOSIT,539.00
TX0541,DEPOSIT,802.90
TX0542,WITHDRAWAL,484.11
TX0543,WITHDRAWAL,721.01
TX0544,DEPOSIT,790.55
TX0545,DEPOSIT,791.99
TX0546,DEPOSIT,501.13
TX0547,WITHDRAWAL,591.27
TX0548,WITHDRAWAL,938.46
TX0549,WITHDRAWAL,171.04
TX0550,WITHDRAWAL,269.62
TX0551,WITHDRAWAL,365.11
TX0552,WITHDRAWAL,398.34
TX0553,WITHDRAWAL,662.87
TX0554,DEPOSIT,395.97
TX0555,WITHDRAWAL,146.78
TX0556,WITHDRAWAL,431.33
TX0557,DEPOSIT,431.37
TX0558,WITHDRAWAL,373.89
TX0559,DEPOSIT,907.52
TX0560,WITHDRAWAL,402.58
TX0561,DEPOSIT,9.16
TX0562,WITHDRAWAL,774.51
TX0563,WITHDRAWAL,427.33
TX0564,WITHDRAWAL,872.63
TX0565,WITHDRAWAL,611.02
TX0566,WITHDRAWAL,334.99
TX0567,WITHDRAWAL,950.07
TX0568,WITHDRAWAL,209.96
TX0569,DEPOSIT,753.80
TX0570,DEPOSIT,225.82
TX0571,DEPOSIT,971.73
TX0572,DEPOSIT,444.74
TX0573,DEPOSIT,231.39
TX0574,WITHDRAWAL,828.14
TX0575,DEPOSIT,16.31
TX0576,WITHDRAWAL,199.80
TX0577,DEPOSIT,891.52
TX0578,DEPOSIT,835.84
TX0579,WITHDRAWAL,8.48
TX0580,WITHDRAWAL,113.79
TX0581,WITHDRAWAL,268.62
TX0582,DEPOSIT,92.60
TX0583,DEPOSIT,734.00
TX0584,DEPOSIT,663.96
TX0585,DEPOSIT,997.59
TX0586,DEPOSIT,865.79
TX0587,WITHDRAWAL,220.81
TX0588,WITHDRAWAL,406.12
TX0589,WITHDRAWAL,226.36
TX0590,WITHDRAWAL,473.72
TX0591,WITHDRAWAL,997.02
TX0592,DEPOSIT,566.60
TX0593,WITHDRAWAL,573.55
TX0594,WITHDRAWAL,826.05
TX0595,WITHDRAWAL,139.84
TX0596,DEPOSIT,889.08
TX0597,WITHDRAWAL,847.89
TX0598,DEPOSIT,835.45
TX0599,DEPOSIT,857.84
TX0600,WITHDRAWAL,13.88
TX0601,DEPOSIT,409.97
TX0602,DEPOSIT,281.83
TX0603,DEPOSIT,641.88
TX0604,DEPOSIT,498.94
TX0605,DEPOSIT,848.58
TX0606,DEPOSIT,145.64
TX0607,WITHDRAWAL,922.13
TX0608,WITHDRAWAL,161.97
TX0609,DEPOSIT,823.95
TX0610,DEPOSIT,890.71
TX0611,WITHDRAWAL,752.27
TX0612,DEPOSIT,200.59
TX0613,DEPOSIT,718.37
TX0614,DEPOSIT,198.05
TX0615,WITHDRAWAL,301.93
TX0616,WITHDRAWAL,756.78
TX0617,WITHDRAWAL,349.62
TX0618,DEPOSIT,332.86
TX0619,WITHDRAWAL,500.37
TX0620,WITHDRAWAL,896.42
TX0621,WITHDRAWAL,647.02
TX0622,WITHDRAWAL,520.27
TX0623,WITHDRAWAL,779.49
TX0624,WITHDRAWAL,300.51
TX0625,DEPOSIT,595.24
TX0626,DEPOSIT,11.89
TX0627,WITHDRAWAL,174.13
TX0628,DEPOSIT,363.54
TX0629,DEPOSIT,749.23
TX0630,WITHDRAWAL,477.59
TX0631,DEPOSIT,185.03
TX0632,DEPOSIT,890.69
TX0633,DEPOSIT,831.45
TX0634,WITHDRAWAL,378.14
TX0635,DEPOSIT,888.99
TX0636,WITHDRAWAL,996.35
TX0637,WITHDRAWAL,355.48
TX0638,WITHDRAWAL,379.56
TX0639,WITHDRAWAL,636.29
TX0640,DEPOSIT,475.22
TX0641,WITHDRAWAL,781.53
TX0642,WITHDRAWAL,360.05
TX0643,WITHDRAWAL,958.39
TX0644,WITHDRAWAL,865.64
TX0645,DEPOSIT,496.02
TX0646,DEPOSIT,482.52
TX0647,WITHDRAWAL,220.02
TX0648,DEPOSIT,66.65
TX0649,DEPOSIT,452.44
TX0650,WITHDRAWAL,837.27
TX0651,WITHDRAWAL,160.70
TX0652,WITHDRAWAL,123.88
TX0653,DEPOSIT,558.36
TX0654,WITHDRAWAL,451.36
TX0655,DEPOSIT,864.72
TX0656,WITHDRAWAL,952.97
TX0657,DEPOSIT,138.82
TX0658,WITHDRAWAL,40.59
TX0659,DEPOSIT,534.96
TX0660,WITHDRAWAL,291.80
TX0661,WITHDRAWAL,488.19
TX0662,DEPOSIT,407.31
TX0663,DEPOSIT,347.54
TX0664,WITHDRAWAL,882.64
TX0665,WITHDRAWAL,127.97
TX0666,DEPOSIT,350.15
TX0667,DEPOSIT,294.00
TX0668,DEPOSIT,609.53
TX0669,DEPOSIT,11.56
TX0670,DEPOSIT,942.24
TX0671,DEPOSIT,428.66
TX0672,DEPOSIT,408.84
TX0673,DEPOSIT,982.40
TX0674,WITHDRAWAL,286.45
TX0675,DEPOSIT,899.97
TX0676,WITHDRAWAL,477.55
TX0677,DEPOSIT,548.82
TX0678,DEPOSIT,898.98
TX0679,WITHDRAWAL,254.31
TX0680,WITHDRAWAL,967.09
TX0681,DEPOSIT,785.63
TX0682,DEPOSIT,498.16
TX0683,DEPOSIT,621.96
TX0684,DEPOSIT,452.43
TX0685,WITHDRAWAL,975.79
TX0686,DEPOSIT,143.85
TX0687,DEPOSIT,662.50
TX0688,DEPOSIT,493.42
TX0689,WITHDRAWAL,533.28
TX0690,WITHDRAWAL,431.59
TX0691,WITHDRAWAL,225.27
TX0692,WITHDRAWAL,263.38
TX0693,DEPOSIT,512.55
TX0694,WITHDRAWAL,851.67
TX0695,WITHDRAWAL,400.13
TX0696,DEPOSIT,955.77
TX0697,DEPOSIT,200.03
TX0698,WITHDRAWAL,728.35
TX0699,WITHDRAWAL,972.56
TX0700,WITHDRAWAL,860.07
TX0701,DEPOSIT,576.53
TX0702,WITHDRAWAL,924.99
TX0703,WITHDRAWAL,132.02
TX0704,DEPOSIT,388.65
TX0705,WITHDRAWAL,511.89
TX0706,WITHDRAWAL,704.73
TX0707,WITHDRAWAL,849.95
TX0708,WITHDRAWAL,264.40
TX0709,WITHDRAWAL,83.49
TX0710,WITHDRAWAL,194.73
TX0711,WITHDRAWAL,163.84
TX0712,DEPOSIT,728.70
TX0713,WITHDRAWAL,95.93
TX0714,DEPOSIT,907.97
TX0715,WITHDRAWAL,941.08
TX0716,DEPOSIT,351.16
TX0717,WITHDRAWAL,807.76
TX0718,WITHDRAWAL,675.50
TX0719,WITHDRAWAL,267.17
TX0720,DEPOSIT,792.38
TX0721,WITHDRAWAL,804.14
TX0722,WITHDRAWAL,873.62
TX0723,WITHDRAWAL,180.33
TX0724,DEPOSIT,768.42
TX0725,DEPOSIT,438.30
TX0726,DEPOSIT,484.77
TX0727,WITHDRAWAL,394.62
TX0728,DEPOSIT,478.70
TX0729,WITHDRAWAL,620.09
TX0730,WITHDRAWAL,872.86
TX0731,DEPOSIT,397.38
TX0732,DEPOSIT,708.46
TX0733,WITHDRAWAL,820.01
TX0734,WITHDRAWAL,538.77
TX0735,WITHDRAWAL,359.93
TX0736,WITHDRAWAL,16.11
TX0737,WITHDRAWAL,5.32
TX0738,DEPOSIT,704.37
TX0739,DEPOSIT,138.61
TX0740,DEPOSIT,777.74
TX0741,DEPOSIT,736.59
TX0742,DEPOSIT,654.48
TX0743,DEPOSIT,258.69
TX0744,DEPOSIT,800.62
TX0745,DEPOSIT,12.91
TX0746,DEPOSIT,772.24
TX0747,DEPOSIT,744.54
TX0748,DEPOSIT,770.38
TX0749,WITHDRAWAL,96.84
TX0750,DEPOSIT,828.05
TX0751,DEPOSIT,758.22
TX0752,WITHDRAWAL,256.17
TX0753,WITHDRAWAL,345.61
TX0754,WITHDRAWAL,657.51
TX0755,WITHDRAWAL,496.67
TX0756,DEPOSIT,15.77
TX0757,WITHDRAWAL,206.80
TX0758,WITHDRAWAL,452.64
TX0759,WITHDRAWAL,30.84
TX0760,WITHDRAWAL,500.30
TX0761,DEPOSIT,385.68
TX0762,DEPOSIT,424.20
TX0763,DEPOSIT,240.56
TX0764,WITHDRAWAL,938.45
TX0765,DEPOSIT,776.10
TX0766,WITHDRAWAL,481.20
TX0767,WITHDRAWAL,112.45
TX0768,WITHDRAWAL,767.98
TX0769,WITHDRAWAL,563.11
TX0770,WITHDRAWAL,502.80
TX0771,DEPOSIT,105.57
TX0772,WITHDRAWAL,14.29
TX0773,DEPOSIT,84.79
TX0774,DEPOSIT,89.75
TX0775,WITHDRAWAL,33.41
TX0776,DEPOSIT,966.56
TX0777,DEPOSIT,696.06
TX0778,DEPOSIT,510.20
TX0779,WITHDRAWAL,549.12
TX0780,WITHDRAWAL,607.72
TX0781,DEPOSIT,179.66
TX0782,DEPOSIT,869.11
TX0783,WITHDRAWAL,341.57
TX0784,DEPOSIT,159.22
TX0785,WITHDRAWAL,156.36
TX0786,WITHDRAWAL,832.96
TX0787,WITHDRAWAL,886.99
TX0788,DEPOSIT,460.21
TX0789,WITHDRAWAL,901.79
TX0790,DEPOSIT,892.80
TX0791,WITHDRAWAL,284.10
TX0792,DEPOSIT,120.71
TX0793,WITHDRAWAL,868.00
TX0794,WITHDRAWAL,373.57
TX0795,DEPOSIT,747.42
TX0796,DEPOSIT,260.99
TX0797,WITHDRAWAL,227.55
TX0798,DEPOSIT,590.98
TX0799,WITHDRAWAL,808.35
TX0800,DEPOSIT,170.93
TX0801,WITHDRAWAL,95.07
TX0802,WITHDRAWAL,378.92
TX0803,WITHDRAWAL,872.53
TX0804,DEPOSIT,630.78
TX0805,WITHDRAWAL,115.49
TX0806,DEPOSIT,673.19
TX0807,DEPOSIT,209.68
TX0808,WITHDRAWAL,39.86
TX0809,DEPOSIT,320.30
TX0810,WITHDRAWAL,193.54
TX0811,DEPOSIT,152.19
TX0812,DEPOSIT,174.43
TX0813,WITHDRAWAL,117.76
TX0814,WITHDRAWAL,512.77
TX0815,WITHDRAWAL,543.46
TX0816,WITHDRAWAL,49.16
TX0817,WITHDRAWAL,423.93
TX0818,WITHDRAWAL,815.06
TX0819,DEPOSIT,861.45
TX0820,WITHDRAWAL,82.50
TX0821,WITHDRAWAL,684.12
TX0822,DEPOSIT,430.23
TX0823,WITHDRAWAL,160.04
TX0824,WITHDRAWAL,732.61
TX0825,WITHDRAWAL,466.31
TX0826,WITHDRAWAL,314.72
TX0827,WITHDRAWAL,778.01
TX0828,DEPOSIT,781.40
TX0829,WITHDRAWAL,785.29
TX0830,DEPOSIT,576.30
TX0831,DEPOSIT,675.54
TX0832,DEPOSIT,93.62
TX0833,DEPOSIT,433.42
TX0834,DEPOSIT,445.10
TX0835,WITHDRAWAL,192.26
TX0836,WITHDRAWAL,413.30
TX0837,WITHDRAWAL,845.74
TX0838,DEPOSIT,316.91
TX0839,DEPOSIT,217.43
TX0840,WITHDRAWAL,626.64
TX0841,DEPOSIT,705.63
TX0842,DEPOSIT,529.18
TX0843,WITHDRAWAL,612.34
TX0844,WITHDRAWAL,499.15
TX0845,DEPOSIT,51.77
TX0846,WITHDRAWAL,669.26
TX0847,DEPOSIT,673.51
TX0848,DEPOSIT,276.00
TX0849,WITHDRAWAL,108.00
TX0850,DEPOSIT,572.92
TX0851,WITHDRAWAL,522.33
TX0852,DEPOSIT,480.59
TX0853,WITHDRAWAL,878.57
TX0854,WITHDRAWAL,481.05
TX0855,DEPOSIT,161.24
TX0856,DEPOSIT,148.60
TX0857,DEPOSIT,960.18
TX0858,WITHDRAWAL,27.36
TX0859,DEPOSIT,428.79
TX0860,WITHDRAWAL,158.17
TX0861,WITHDRAWAL,537.56
TX0862,WITHDRAWAL,544.36
TX0863,WITHDRAWAL,699.98
TX0864,WITHDRAWAL,238.82
TX0865,DEPOSIT,951.76
TX0866,DEPOSIT,324.07
TX0867,DEPOSIT,509.74
TX0868,DEPOSIT,538.66
TX0869,DEPOSIT,371.90
TX0870,DEPOSIT,588.56
TX0871,WITHDRAWAL,597.87
TX0872,WITHDRAWAL,504.55
TX0873,WITHDRAWAL,402.67
TX0874,WITHDRAWAL,817.13
TX0875,DEPOSIT,468.79
TX0876,WITHDRAWAL,884.39
TX0877,WITHDRAWAL,968.46
TX0878,DEPOSIT,4.74
TX0879,DEPOSIT,334.60
TX0880,DEPOSIT,598.52
TX0881,WITHDRAWAL,361.19
TX0882,DEPOSIT,173.49
TX0883,DEPOSIT,418.35
TX0884,DEPOSIT,420.93
TX0885,DEPOSIT,628.34
TX0886,DEPOSIT,422.44
TX0887,WITHDRAWAL,750.48
TX0888,WITHDRAWAL,713.23
TX0889,WITHDRAWAL,867.55
TX0890,WITHDRAWAL,878.49
TX0891,WITHDRAWAL,564.09
TX0892,WITHDRAWAL,680.44
TX0893,WITHDRAWAL,696.81
TX0894,DEPOSIT,0.60
TX0895,DEPOSIT,316.03
TX0896,DEPOSIT,276.07
TX0897,WITHDRAWAL,366.82
TX0898,DEPOSIT,811.81
TX0899,WITHDRAWAL,321.75
TX0900,DEPOSIT,555.25
TX0901,WITHDRAWAL,71.27
TX0902,DEPOSIT,406.22
TX0903,WITHDRAWAL,700.63
TX0904,DEPOSIT,471.08
TX0905,DEPOSIT,537.08
TX0906,DEPOSIT,48.26
TX0907,DEPOSIT,468.22
TX0908,WITHDRAWAL,926.90
TX0909,WITHDRAWAL,363.28
TX0910,DEPOSIT,300.78
TX0911,DEPOSIT,186.80
TX0912,DEPOSIT,491.20
TX0913,DEPOSIT,611.21
TX0914,DEPOSIT,121.96
TX0915,DEPOSIT,415.08
TX0916,WITHDRAWAL,213.62
TX0917,DEPOSIT,99.52
TX0918,WITHDRAWAL,523.92
TX0919,WITHDRAWAL,503.72
TX0920,DEPOSIT,432.67
TX0921,WITHDRAWAL,970.21
TX0922,WITHDRAWAL,547.04
TX0923,DEPOSIT,302.01
TX0924,DEPOSIT,708.42
TX0925,WITHDRAWAL,410.36
TX0926,DEPOSIT,756.65
TX0927,WITHDRAWAL,518.26
TX0928,WITHDRAWAL,10.47
TX0929,DEPOSIT,654.41
TX0930,DEPOSIT,580.93
TX0931,WITHDRAWAL,957.36
TX0932,DEPOSIT,382.46
TX0933,DEPOSIT,544.77
TX0934,DEPOSIT,840.02
TX0935,WITHDRAWAL,551.39
TX0936,DEPOSIT,313.20
TX0937,WITHDRAWAL,908.58
TX0938,WITHDRAWAL,520.75
TX0939,DEPOSIT,690.70
TX0940,DEPOSIT,412.61
TX0941,WITHDRAWAL,204.43
TX0942,DEPOSIT,843.23
TX0943,WITHDRAWAL,862.28
TX0944,WITHDRAWAL,193.17
TX0945,WITHDRAWAL,412.28
TX0946,DEPOSIT,741.14
TX0947,DEPOSIT,5.18
TX0948,WITHDRAWAL,945.84
TX0949,WITHDRAWAL,548.56
TX0950,WITHDRAWAL,469.14
TX0951,DEPOSIT,445.06
TX0952,DEPOSIT,288.14
TX0953,WITHDRAWAL,453.74
TX0954,DEPOSIT,721.67
TX0955,DEPOSIT,491.57
TX0956,WITHDRAWAL,227.06
TX0957,WITHDRAWAL,458.57
TX0958,WITHDRAWAL,545.14
TX0959,WITHDRAWAL,499.67
TX0960,DEPOSIT,945.47
TX0961,WITHDRAWAL,657.42
TX0962,WITHDRAWAL,65.47
TX0963,DEPOSIT,171.31
TX0964,WITHDRAWAL,544.94
TX0965,WITHDRAWAL,955.97
TX0966,DEPOSIT,561.53
TX0967,DEPOSIT,102.85
TX0968,WITHDRAWAL,654.54
TX0969,DEPOSIT,534.66
TX0970,WITHDRAWAL,788.38
TX0971,DEPOSIT,474.70
TX0972,WITHDRAWAL,935.00
TX0973,WITHDRAWAL,681.96
TX0974,DEPOSIT,967.95
TX0975,DEPOSIT,265.59
TX0976,DEPOSIT,554.19
TX0977,DEPOSIT,333.64
TX0978,WITHDRAWAL,61.43
TX0979,DEPOSIT,217.56
TX0980,WITHDRAWAL,293.55
TX0981,DEPOSIT,188.28
TX0982,WITHDRAWAL,848.06
TX0983,WITHDRAWAL,862.48
TX0984,DEPOSIT,914.87
TX0985,DEPOSIT,133.11
TX0986,WITHDRAWAL,660.63
TX0987,WITHDRAWAL,701.79
TX0988,DEPOSIT,731.34
TX0989,WITHDRAWAL,119.93
TX0990,WITHDRAWAL,983.01
TX0991,WITHDRAWAL,190.05
TX0992,WITHDRAWAL,771.61
TX0993,WITHDRAWAL,366.06
TX0994,WITHDRAWAL,852.22
TX0995,DEPOSIT,296.46
TX0996,DEPOSIT,517.74
TX0997,DEPOSIT,483.19
TX0998,DEPOSIT,818.84
TX0999,WITHDRAWAL,313.67
TX1000,WITHDRAWAL,545.95
TX1001,W,545.95
